<?xml version="1.1" encoding="UTF-8" standalone="yes"?>
<addon id="plugin.video.reaper" name="Reaper 2.0" version="0.0.1" provider-name="RM">
  <requires>
    <import addon="xbmc.python" version="2.1.0"/>
	<import addon="script.module.urlresolver"  version="2.1.2"/>
	<import addon="script.module.addon.common" />
  </requires>
  <extension point="xbmc.python.pluginsource" library="default.py">
		<provides>video</provides>
  </extension>
  <extension point="xbmc.addon.metadata">
	<summary lang="en">[COLORlightslategray]Reaper 2.0[/COLOR]</summary>
	<description lang="en">[COLORlightsteelblue]The Home of [/COLOR][COLORslategray]The [/COLOR][COLORlightsteelblue]Original [/COLOR][COLORslategray]Reaper.[/COLOR]</description>
	<platform>all</platform>
  </extension>
</addon>
